19.998325,46.190014999999995
[20.798325   36.952012   -1.55607064  2.42343644],[15.99866    46.990015   -1.55607064  2.42343644]
[21.43833867 29.5616096  -1.24485651  1.93874915],[12.798928   47.630019   -1.24485651  1.93874915]
[21.21842767 14.7808048  -0.62242826  0.96937457],[ 6.399464   47.41002617 -0.62242826  0.96937457]
[21.10851717  7.3904024  -0.31121413  0.48468729],[ 3.199732   47.30005142 -0.31121413  0.48468729]
[21.05361692  3.6952012  -0.15560706  0.24234364],[ 1.599866   47.24506321 -0.15560706  0.24234364]
[21.02622096  1.8476006  -0.07780353  0.12117182],[ 0.799933   47.21757327 -0.07780353  0.12117182]
[21.01257715  0.9238003  -0.03890177  0.06058591],[ 3.99966500e-01  4.72037850e+01 -3.89017660e-02  6.05859109e-02]
[ 2.10058094e+01  4.61900150e-01 -1.94508830e-02  3.02929555e-02],[ 1.99983250e-01  4.71968642e+01 -1.94508830e-02  3.02929555e-02]
[ 2.10024564e+01  2.30950075e-01 -9.72544151e-03  1.51464777e-02],[ 9.99916250e-02  4.71933721e+01 -9.72544151e-03  1.51464777e-02]
-2.9691612153350744,68.60646535180142
3.3354961145617508,18.176930438421813
34.055562554446034,74.35303286939808
-3.0991360845421383,24.11598827125382
-4.040395255402517,23.277809362302108
34.59198728979831,76.45654476431945
43.45398374655729,71.45827819225327
54.43659278952262,46.89042140966672
55.18135283012692,46.903464986189455
46.996592799249285,24.321984192919853
55.94221985701622,46.925161379594165
48.138506781047575,23.403082743394954
55.40472191617598,36.02043581444039
53.32790295777056,61.15956766828697
45.52709659331631,73.60888351948743
54.60016804172375,61.72765280012411
56.72127324033859,35.66919408695216
49.977018882284874,21.961475760681882
58.42695096019308,35.19678208873137
56.897708770105616,62.624657778083765
9.83515334404491,86.1255272246893
57.51232371212322,62.95681819096386
61.81604807148133,47.01797290083756
61.71232862491031,47.078246128799
53.94948860096521,18.714191110537
15.176347248638216,2.5802357108749656
-22.112603789185886,60.97397771029263
40.19430292082044,86.27144064983892
27.744777627803373,1.8518979182945794
-25.631537936289156,44.18254986777649
28.433307947232787,91.51672552775251
66.69981747831397,45.60211355180475
8.596998895750772,0.15521290896049592
-2.9955411865705095,88.30583120057196
63.828877908909256,26.032284939222066
26.833699510591533,-2.0883451890720037
-29.233466502625177,50.564527037038374
68.19192698885833,58.65439325460433
21.082419181741173,-3.737661738591504
-22.0610911190677,17.717005700880712
-30.728120732087277,51.54678329639622
-25.040819104248925,71.12502319195754
1.483913359973258,94.43442158117773
36.91518494702308,94.93683568713965
16.601302057661062,97.87517543662177
1.431969763156805,94.63315270008243
-15.915248868316437,83.51514366413312
1.3011593069776222,94.82037491941267
1.2615621942779494,94.89187454268581
-17.436855858736,85.13764513083107
16.458702109177146,99.7223370304957
0.6918185293378663,96.51909838854021
-17.559944472850173,85.25624225943284
0.8297509817380118,96.28672323264082
16.51124013988749,99.49829043203779
37.41612353890248,96.25785868469397
0.81504033278227,96.07688240561505
0.8477383713180698,96.1616463060571
16.464952353469915,99.71292125488199
0.6153300106718513,96.75237698368704
0.48218450640790167,96.93706582075863
16.4359808019648,100.2497827103713
0.6073285077468327,96.75580467098402
0.6945929422735704,96.5226346433454
0.6063365426205045,96.88369334970024
-17.712440052036033,85.3808893510019
0.47390887796278147,96.94633311538553
0.2923153156801321,97.45285736646193
0.25027424832205586,97.60659685791798
0.32149420583843363,97.55562464498188
-18.181894901676397,85.85226981612907
0.21268785475587376,97.84439392894669
0.34623714298038266,97.38481353686164
16.27264426656787,100.68573791538984
37.665578461089154,97.4666246051264
51.924523441189976,89.56908527473219
72.17674585685667,58.76876168057328
68.10496513048025,22.139041202519916
55.127484421787635,5.155972653343971
-14.185687697533501,5.094073842481323
-32.16122829147189,36.845166324608236
-11.897954944941308,88.2037193010272
65.91618186744834,72.46055341792338
38.32757053654085,96.13086649915253
38.13688107817701,95.90608909912714
38.012835849302846,95.46708695371953
22.68252457685478,98.3799565589472
22.67270747749992,98.45437115508953
22.64306888550034,98.24599011772379
54.96952989072592,83.63183375793206
62.879767268958304,70.64983364267025
3.545236066238821,91.47867064123155
-20.543283147145605,25.15322569274829
47.324707208577315,14.176090247725988
33.34074942991979,84.41960533988774
9.275041433885436,75.66462166298129
8.90038483670818,76.50551305175935
43.126904319055406,71.06041039324147
49.14308855484127,27.024230292123658
19.626195940912375,9.353170006191066
59.15085073322411,39.168589196651084
19.60862084641087,6.22298422241475
49.73319318656872,77.99558360149594
47.5943738846121,12.696020458497587
58.704617903222,68.29646207204118
64.63867019857021,51.56327861177055
35.98332478840994,89.81754901842288
51.73418098573159,80.26672157711707
51.65375566181344,80.2995790609558
52.418444102631256,80.93550968609166
52.8905438046381,81.45728743291198
61.98659511528162,70.22598038358943
36.89952832529134,92.33225339807089
53.75750488873333,82.46698672211001
53.88005705433962,82.5248407560613
37.17096823639456,93.00219986361611
37.22123277245495,93.194179690388
22.56937456204138,96.1248604636909
37.35876735704451,93.59751169544916
54.283235965896516,82.7701310876787
54.26869143949266,82.80391258218249
53.79901575841841,82.51350031574356
63.14474650736308,70.95284558225761
54.144974800884796,82.61075500131098
22.561985782950366,96.49348493914208
22.578617569537332,97.09047002837545
55.064196806849104,83.8087376290864
68.9737647976935,37.192570710899204
53.76855383848329,82.3655964215581
22.494475633912945,96.25401511955148
22.551498325531753,96.33088090479639
22.49782714047989,96.60077797230306
37.39164245552793,93.39116562541842
54.2612792222594,82.85954602688739
22.54049074187468,96.27458381537288
53.874939549879194,82.60434456138965
69.11189134052012,37.32938252958523
36.860198784962975,92.12886287047488
52.65787442749021,81.22237043110958
22.418155089773002,94.22044949120865
52.33025558793987,80.86320158125031
51.96402472466867,80.444841276634
65.83459613963333,51.68236884263861
35.848878940278524,89.37631560348662
50.4302564944691,78.7651184245264
50.45464674831048,78.85827251128649
56.480033718395745,22.231190871468385
63.47301766115185,38.226301700618606
63.88806784704832,51.43199777239331
56.242491618250135,22.36431300992762
19.5562674459754,3.606035188952973
55.13553948583883,23.105530572383024
31.87875134223659,6.447436158227808
54.63235437836691,23.42543847549123
61.18680128343431,51.122371615316794
47.29526419751989,75.42184723578679
56.05914887812468,50.47034273549171
41.92534112422656,69.53373179541245
28.190875563501525,68.58128467945156
21.456398983553143,68.68530970214424
0.33468150806424957,36.97341360386987
1.778171342109617,60.666860489835145
2.235022693081213,61.31743567202432
29.65623931742795,23.681048748589227
9.345904522814813,68.40725785812005
5.902116720557839,26.1183892826607
6.199825753859988,26.54495035249225
40.791130120955344,57.659846390301546
19.587849860176338,70.54423280335686
-1.472635989608046,59.486264520235935
36.69847609092409,66.59618146969827
30.133842777198254,71.24517507161917
44.38664552354209,59.01203798430844
44.27285199037745,59.00057856127802
2.1292257977186813,66.75614768334123
1.4418398711132097,25.316227828351934
1.6187846642867387,25.561553279304214
10.830065706447458,19.214290534752553
30.525995568905095,19.155849128456502
19.122771772548706,16.80425780595602
38.365544869578095,23.042289030140626
49.20678184836376,40.3221908693927
0.26964657800762143,23.999655430225918
38.008528861574035,22.706562026016815
-6.63078110821369,34.146183138068686
11.406812960292788,74.27270379657736
49.19318335344372,39.29394749495284
41.58246130226608,67.11339454510764
26.87223170168467,17.637379030558037
26.91806557143842,17.63129458638243
-3.9943174975456235,62.21471712954853
-8.85167344838588,42.98674123739631
-8.96133516404552,42.99193034046745
-8.681301960929199,43.03881952508555
-7.667132062471651,54.496715089687875
-4.847284487039958,62.77725066664238
-9.206991186127082,54.94986201550819
-9.636326096866295,55.090869079999784
23.740220675996177,77.92215708517838
43.77540968871541,68.31673736731496
50.91924795652716,34.89742905330403
49.011095773287494,60.251180138020395
42.98887565487946,67.63824797864798
51.006805613200456,47.69518579985408
-5.809945422457546,63.394218991087584
18.048937958465107,15.05771399412139
18.21279415700335,16.649527437362977
49.53731658488792,39.25739083792158
-9.162390085686196,33.60542259673045
2.7672432435758174,72.44280565113401
11.20252743994257,76.81022794674558
11.15841927746543,76.97334741948113
11.107105625683817,77.06455158830303
23.811551141299258,78.29267797855185
33.20767187823117,75.6618814047187
23.821985918896175,78.41692060939778
23.78979876570342,78.4170804458522
23.79755884631656,78.14575294716022
11.022529756031982,77.21608400329393
23.761763149721276,78.06522278767181
32.89118635656864,75.0986485583203
23.762118591279183,77.33652665833252
23.69968492994313,77.51163996148692
11.268037279217976,76.53475378328429
11.183151626114599,76.54388055311837
11.204919263988277,76.48870555986339
11.220266775757144,76.47987003066548
2.8244308724184766,72.28484792555273
2.9060718737959776,72.18115313908841
3.110322422490383,71.87757567714482
32.27959742943481,73.85972237672713
43.73294557824869,28.196229207052202
-6.675343375291347,35.113414223777944
34.302242754618646,70.1574980742955
44.59097406609627,54.670122346963396
41.738959324911214,53.74167632190063
16.86707047398902,65.3405875273816
17.36810044793302,62.33342969875567
17.95024870194469,58.5938744400684
18.68076819634702,54.79543724859197
19.38772234856612,50.11171839794384
19.96273335623646,46.2064397674641
19.992421824841998,46.19486806300229
19.967662850752355,46.19945875798616
19.974073820752967,46.1885588632179
19.988747207198386,46.201081500985715
20.011106591998228,46.16848116449176
20.014664810177404,46.17629105507109
20.146865398891624,46.19347358607975
19.973565563674885,46.183999489737445
19.984713951930484,46.18058671928209
20.009432792533673,46.18059594457722
20.012057103199524,46.15876483573646
20.004613073409672,46.15179618127627
19.97374561562757,46.17814213773308
19.978443801890112,46.19317144499352
19.960860124175017,46.20949805937775
19.94264543774483,46.21144442208029
19.95359881078801,46.23029552090824
19.995163440448724,46.17375336227166
19.97376246440478,46.19670950504347
19.965400001394116,46.218906350440655
19.966529003094152,46.21420964035035
19.95554855319834,46.21243931342066
19.988512532227272,46.19824169620266
19.987504875074645,46.18684901354444
22.372518698920345,46.27414308853244
19.942773645028264,46.29104559545576
16.24096054755371,46.22454458755065
10.628372333714713,46.278160476931816
30.110601878393332,55.418719267376126
33.08119039421779,58.09632981867391
24.754800221466596,23.18764370946934
14.65836092527934,19.34253894247775
47.91197641467797,35.49377977837567
13.777250857463825,14.512947273510424
26.662763278116312,14.173757970824816
46.112739831062775,25.695079108344412
24.590325335455514,80.10578688497334
51.841347716482076,34.015075481133586
45.00665903768213,68.78853237973104
24.562867107790996,79.7544790136494
54.56943610220153,43.39152249682812
-15.071299800577265,47.61810382752491
44.87561596380603,20.607997818337385
-5.948846830751101,70.7291906685271
-6.130861360088234,70.82576465274192
-8.459938925501081,24.919630878329656
-15.119681851695894,37.47018461272925
-6.929187932056276,71.60428021546973
-9.216738068510782,24.40253903388211
-14.86737182531642,37.62697309211927
-11.906755859820404,61.88248927561732
-5.772885061092577,70.51084264364545
-14.869150139920748,37.60364645443735
-14.58510539638264,37.63146570548141
-8.466474901906622,24.947392641492428
11.747463983164275,10.951674603491362
-14.648203889995226,37.60926188195675
-14.66716170605091,37.58737107771663
-14.705870251215748,37.64478179651105
-1.0028416639454718,17.385633427387738
-8.585351369346721,24.813481628395333
-8.668574948422862,24.81835902354386
-16.10446451827087,48.27674907551926
-1.0531435200438557,17.23922657393167
53.196168621268555,32.16093030953458
-10.239297066592615,61.017288112920625
-9.103192780274677,60.502042757554335
-9.124990283986675,60.50358859625121
12.76398946742724,15.112546508834516
22.328733467896924,13.748909068360812
22.231856191274566,13.73216648658466
-4.543851449301284,69.34392939545494
3.0982988464901537,73.91588465912055
26.756095977115994,13.58139365364209
51.2841144224696,34.226823723463994
46.70745649523552,25.26974804192782
51.500416447823646,34.12969775403623
50.74369659854746,34.41413066472142
49.74704795104872,34.79440045974826
44.609499735543515,26.879146701795595
49.34212342930995,34.97496298859649
48.93959925810317,35.11977992990689
48.38524949146113,35.29880922130843
48.22429946008328,35.36874792492228
48.18686745896251,35.432900158800216
49.57596432591752,47.23450271039389
34.58088367847975,19.871293907335218
34.40688686109984,20.118116072737884
34.506934650700344,20.02626501641855
44.09853800731742,27.186678833045782
43.01995109542028,67.01832582210237
49.09171315377918,56.33956308567834
50.10940006400827,56.69248793760327
49.747380184951105,34.82846683733988
45.02081634744478,26.53355870141256
49.699693653770005,34.780466673445574
-10.7052561358695,56.48424620136776
-10.77272373221165,56.57599243067558
45.569820746664355,26.122826586507987
46.041473682382765,25.75245399313455
51.45764562430046,34.13521223330719
52.049275884290154,33.942369483904294
54.78471051802848,47.34698983575529
53.14930545851487,57.73761577477358
53.597217480291114,57.87838656963354
54.8543974533211,47.425446090349595
45.58134351628849,69.31802665211134
54.53479805017654,47.45439201658961
52.199826481632456,33.890976617329734
54.244804803458784,47.40275010889661
51.5940271310595,34.08050126683766
1.796617142537386,74.90823250972478
33.57203191159975,76.61722327893133
0.9734963945798065,74.05887988110416
-12.786646084178527,41.411987113568806
32.014427596156345,77.3553709450529
-2.425002592544516,71.2400009938358
-2.556987379025285,71.30017568999547
-13.597550234413447,50.929576928773834
-13.544307747088185,50.949569510835126
-8.679207448625602,63.39479566365424
-1.9790005934939714,70.68417807215951
9.341896720704701,77.09227469931959
-1.9341353836711441,70.60322132856842
31.79889523395638,76.65632652338081
-7.610538126065596,62.71036765506214
-1.3195556960580774,69.98947811639434
-1.1188744975389375,69.73385833719972
-6.4401499272139215,62.05188237031972
-0.1095104399146209,68.6174960281116
19.047282514579233,75.7777930522325
19.125179421262395,74.90278284426822
-3.497663840785842,60.2758666546913
29.696433877368957,71.4868929169585
29.713652638178456,21.29466856725344
-4.656726789535701,35.03024559634057
46.66383125721355,39.93941389919768
-2.679086326350843,61.40961829304938
44.9632381060939,37.11290786745886
-3.3993890064779144,36.50819373310537
38.17058577418499,62.48990110662756
24.420491378571707,25.30870126571784
17.68350021097298,61.99002472341614
22.12367756424157,59.58369241152866
27.712753134399076,51.70697698763041
13.890149615068742,41.47533473208001
15.526433001224044,39.87550172465212
25.93492884469715,40.10314483976999
8.996468163468343,43.57922808890889
27.86230748522839,34.74021824371246
22.927070984527774,32.188030072053714
38.11462324091552,44.04258066142249
40.766365819544625,43.247370561612634
6.260420512160526,64.09049245464502
21.014077416281456,69.66150592006636
-4.0479157509354495,44.27380525022528
11.07719187292834,25.545528704204525
23.522814252400575,67.38173155559527
8.272677221063992,62.105141027337694
22.808534682733406,62.856211287877684
11.802167417484593,57.2567694316939
29.30799971042734,43.40554525857612
23.140665916696562,41.414213720877164
20.940237254694726,44.76201094368851
19.943094311981287,46.23596453619644
19.991831269722326,46.22870285751237
19.996219823222887,46.2156469017632
19.986025413129568,46.21404900037338
19.969719354512147,46.21957053579594
19.97626598167182,46.20811453488127
19.970877280390464,46.21818712341646
19.98662086052202,46.22516388619472
19.946068287511522,46.26112842870392
20.197315850837985,44.85977750374143
20.482009501288765,43.45028664063352
20.94226279167654,40.52635980156112
10.369206720054542,49.7694637109867
33.33149168234256,42.04857264691307
10.733202569698372,30.900000947848742
0.45864822460852894,39.50108187884723
3.2555093472475107,31.168300157833265
23.78658876860981,22.347941208749393
45.081135564479055,38.134789186867934
13.693844635396584,73.88245430968715
-7.127840013692877,56.09791538622713
-7.6160376260947835,36.26006222851359
16.26853755080528,16.670918542466282
16.239670329429927,16.16580147062293
43.425982186935556,26.752041607600532
25.308637249694463,16.467635206115286
25.227003218078416,16.908945438412864
16.304540879757138,16.368866323850874
48.53394903764844,37.584586711390614
43.001557084826196,27.072020006570135
36.50163043453665,20.784801386168382
25.46399978866855,15.560324418428118
16.12847000737292,15.023042269000408
4.027456674925428,18.46649832314414
25.620505169991862,14.341568769905752
25.651493805125074,14.185238917913303
15.943813002543324,13.280003336965772
38.07088682906476,18.49851670899905
38.12095054416882,18.354659922239843
38.27743912166785,18.07041528681828
45.64468017313178,24.868499070746093
25.749225569810704,13.985437543630786
25.716379775619725,14.244296402472495
37.180071766419616,19.717929839537828
48.686980059927755,37.599926517521375
36.72882849354425,20.509187011780845
51.198900330905786,46.40970237760259
34.09774320353046,74.38964458405395
44.39384591005449,67.21601363067236
34.72874755365829,75.70310099553518
34.913365613690196,76.00887729656831
25.433410951425355,79.47713125092847
34.97520274446914,76.12899201734939
12.21102733796802,78.51768622499823
25.363852728017786,79.0998204249747
34.996580987117504,76.26996604156469
50.572408408516516,59.40644624793032
50.55794630762927,59.39493881053479
25.40611659733888,79.02321243013296
25.16586424854243,77.92726717569734
12.708708917028906,76.4713689862465
-4.5080208910954305,64.22646968403475
-3.6315700985268298,63.577878612542214
3.3132910511232025,68.75149179396904
-5.318978266952244,44.45451413093566
26.2456263212977,25.61442355495647
38.250869691388935,41.06322408190211
3.5186223571171054,50.09364310667802
9.407163545084945,54.00902457544281
12.55614278270267,51.71697849855593
16.15877040750633,49.00250614474417
19.414901922600134,46.94716864544946
19.98122500533209,46.21813617443919
19.967966119106237,46.212895101986305
19.969640981542245,46.20681740075516
19.97295437892592,46.22520540457755
19.487503183556132,46.580732607851004
19.960733285679364,46.23238801814493
19.96035711078298,46.21689420884207
19.965650748349294,46.21761092266073
19.97030565641652,46.21085518902466
19.96354491831075,46.23729832745178
19.95888127959991,46.245622137061645
19.949537511712393,46.227363934309686
19.96776881828877,46.22168057394918
19.972022868756092,46.22676914719588
19.973609010640736,46.237098402808975
19.954467482006894,46.23037191810832
19.955530177603524,46.20795165149721
19.96615849756801,46.227218669432894
19.98508588107388,46.22143717801066
19.97075464019994,46.23142859227141
19.96530719559649,46.24642136643563
19.97054449204518,46.24058938917821
19.97889193888042,46.23746006014111
19.970241588254606,46.21856747530947
19.96590755888138,46.22618488081468
19.936364232125943,46.27159995398522
18.24909881519636,46.66287249709039
24.70378744830167,46.13589720735295
15.231158872945278,47.344364122987045
21.54978585458288,55.448085456023925
36.497131723167556,46.08182314062669
6.702427391921828,56.2943401712863
9.748408351613545,64.02584693863596
14.504715518283012,70.43264706214259
49.48620127978825,46.44426855059762
12.49753547599734,77.21748171744663
12.530253117678715,77.24806966341468
-4.770594637403087,23.30741728531243
46.87608743211191,69.23708989012869
47.75556168010871,69.92365128263135
56.89821198759513,46.55527016744349
37.08370016024966,80.34934351395164
37.33588495702649,80.95139696159508
37.555990499329276,81.40497928053313
-12.068563141854568,69.90130234861314
-3.808385800242843,78.38497210706464
10.590708717172777,85.14639965493228
26.52445071728603,85.97691818288205
26.604299352109948,86.3607479112642
26.54505922194374,86.20015209789575
50.76366174780094,72.45997586437555
56.86480257208182,62.18186213721776
37.738033295846,81.7244116074339
26.343038997387605,84.98699039329775
-3.3454538223729955,77.7416708158956
-3.3478076529008067,77.71053382916723
56.991513695608965,35.11155091321384
48.75024188552736,70.78419441635056
11.278995783730638,82.48904071198272
-16.233410497566723,43.81608362309409
6.098119247724366,13.539492450834897
16.73302514625561,14.871911951775504
8.487819046450127,18.077099280683022
44.54912197406174,30.70103036120738
17.455616083423507,18.02716508994017
17.35697253400713,17.05933051385339
51.13037847654935,50.627520775810225
30.037823893727694,14.93615118423796
30.62318190305637,13.232162681075543
16.647824311985527,9.907995269982466
16.55708104080678,8.086599763660221
16.421902254183827,6.810990806424955
-16.717129729157055,27.063046848644237
33.04676006664971,5.41683560266821
3.169776491702896,5.190047823606153
-12.26052592312557,14.230136339742266
-18.292099461076734,73.33900409639048
-23.241690962890843,23.672010368200908
49.12641264296861,4.426322558691561
55.17175414402646,85.60739920085992
68.56495836024366,69.15227071727944
72.66253121270302,32.20919160245969
73.60495733531181,31.980266212627
52.00294618766188,0.506154574307552
67.54186624099107,16.348341832343188
52.30426836418963,0.08152888209575639
52.307911838123175,0.060350159240982075
75.27394251082475,31.53906423920697
37.48349022677415,-8.120030008118714
37.53694575969829,-8.317810926004194
68.92811453875001,15.503814379390645
68.67735092866792,15.636542821612286
75.33937000478028,31.60105733750522
76.40884965168098,31.254446909650614
69.2867358892076,15.36201177934089
76.53526764175056,31.206370506864264
14.86468451915702,-11.229861287454847
68.83845567515628,15.565893937136988
75.65777580463994,31.438526446057473
77.02301508977666,54.294588595589516
68.65512772275052,15.804221819771616
76.57248594485834,54.15960345288403
74.77343340441291,31.642894465257545
58.364247942465596,89.06768156155339
68.19709454290339,15.97767580689431
52.498291890272434,-0.14394921789999932
-19.805040581816378,6.812153916468924
14.953904264582764,-10.253101030689296
68.50638268274005,15.820349108699036
68.15815450455301,16.03482904974072
-1.4191961003467428,-5.896304721112492
68.72303572088859,15.699818007934462
37.54222947782069,-8.337626502037395
14.88132251396145,-11.080477484260623
-20.930861038697895,5.626332628778003
-21.585885595372066,4.8895253572673445
5.228448846028774,103.06541232823685
73.78349662924896,70.52427849635318
36.93170415070875,-9.843138958526918
-31.722307447701674,20.198637848482417
77.71876655903058,46.706428515962855
-22.236327884141733,7.0513042642566255
72.67479081558436,67.94197664367576
50.062295767284326,-1.6079172425054193
-8.932086435660942,-1.9607845959094727
-21.988551325425355,8.490829774443059
-33.161950553751225,27.91681421047383
-33.24508637101355,27.827737089298978
50.116165799719845,-1.7333396075793028
75.99800967760729,45.67409580248698
-24.080782672989866,79.80043480889645
-31.362596284803235,65.04217548212961
29.370431113584623,-6.286365560169185
57.36060709113089,86.58583597498182
-13.150955287122681,89.4469783910958
-18.649861497269374,7.860229497473264
36.684151783336574,-5.671613459546738
72.56636348459799,53.60212718996645
56.28443541393495,86.80218497507829
-0.2909115293021548,98.52434999584791
-34.80324317739836,57.385352843492754
-1.205857836523472,-8.159300988664201
-35.26792644239046,35.104031178647176
37.7722938193293,98.1582716696844
-0.4586107207895811,98.8049401761021
0.4848660655651561,96.44057974521301
36.67709494318562,95.10879474885829
66.76745174632181,68.37980763514189
53.76463865166821,83.8653348691044
66.83978979419628,33.823462022742135
21.408626315787718,91.68818168092692
5.540146007699437,83.47090395468192
54.29548608097706,50.96874550947029
28.8646255998288,73.41566351351648
11.183520896465645,22.468519935940922
21.30682329284877,24.526762397888135
2.6354363428362864,32.48597298166336
32.92567349114894,28.343268739069995
1.2114225387145943,59.198852630829386
-2.0971550814849076,49.99524935463882
7.870053969481457,23.63671724272198
44.315488779146825,37.35167181466157
-2.770907037009621,36.297570078242416
29.086003638116832,67.5414265873272
11.156199701335769,27.571577157879936
29.878137028534027,58.17062067020797
22.945074957168284,38.318183613267244
17.510852654986657,44.03603462307112
18.51861868774522,43.59239386027552
23.04949163226915,46.2853805549635
22.629364940244088,42.24188277275603
19.946755612954927,46.23089426916152
19.957865553722772,46.23610437729065
19.961140744338675,46.20129203959302
19.957439920491,46.21010870668472
19.951819034816346,46.20738098660561
19.951466805767843,46.21738862480209
19.948279377510488,46.2112187045514
19.952736320479247,46.2233993276974
19.958812621414864,46.21187739508712
19.955335725366247,46.21948007046754
19.958447246957597,46.21951747814075
19.949138910981933,46.23871104149298
19.94797555618314,46.238448362969784
19.96205198730989,46.16160416190723
19.140346741351074,46.964023002242726
19.910939006088405,46.25076931612144
20.8160139028867,46.11649378741185
18.52095335632,44.086986911370936
5.440302183915109,48.549739128395025
36.01055708302528,37.148113305520326
3.500281924703265,28.486708247081143
30.33173309198059,71.86187947344725
-11.839803284188651,51.25225787881189
55.6131936470969,39.08899825802331
34.1383671634338,9.970578776316282
34.86770933447357,7.99284334734354
58.805250003638996,25.075620044063715
65.93196099028152,55.64952665923206
68.08764790584766,56.087158935901826
69.97822118992342,36.18895178998918
71.96969276312264,35.81470174763334
68.16851598865146,19.987487959145245
69.66446279696615,19.179462854161372
56.2360242100611,0.6929389023257159
18.250159366812703,-13.458651452285048
73.1983528211403,17.28496991291932
74.77149870466329,16.446811185879465
82.14893698449934,58.94079812129984
76.23388745448783,77.08814247173696
76.76889395859384,77.38549324083252
78.42603569467255,78.2703995103956
86.27657383027724,59.821409061459285
87.10957036330406,32.732401874981704
87.9750037725111,32.549600198890495
88.76817717437969,32.4046782982515
89.55654016219708,32.29654879072906
90.41455156049552,32.084813397885924
91.10684940082788,31.921980075756295
65.58941406863168,-11.012716029036653
92.41064637026834,31.68697420968466
93.11417088065687,31.535501543709234
93.70956321026165,61.32330525281056
94.27431906642693,61.469629230856114
94.91596415862142,61.5686135786803
95.4986791017085,61.69445798728486
88.07905047604174,83.56006150877556
88.33488862792322,83.73512723665277
68.74038217759107,107.88090559619259
89.23797206529692,84.19009573838085
97.66003810537988,62.10235463411927
98.09868586015313,30.510713905123016
90.25312077456319,7.951999297347148
98.63046476197609,62.29987721342953
90.63936334123201,85.00122529140711
99.18057879781833,30.32801749189634
49.41755750304599,-29.08838724247045
-49.55042641146964,4.255511809192407
-33.47812421226491,107.8903696818629
50.74441252649397,122.11136646715359
71.81340150973537,109.67055216359758
48.28734385513741,-29.942563017301428
-59.94696781505893,36.027007192967716
-24.29642411322943,111.29130743644846
89.91458144628098,81.56482501714461
89.73658653406646,81.49518739972443
89.65337938820511,81.468788820667
97.5789529836975,51.518509019711296
97.47249278469324,51.506292690748474
97.26674585078358,51.53978377043242
97.40825351952913,51.551018057979014
97.29558733491034,51.48432632985429
97.10106344030464,51.47328898086674
88.56071884919075,80.91889802040788
88.5371880225972,80.85751352644802
96.31185670690378,51.42922548046939
94.1348503387431,28.720679438864167
96.27347926672215,51.40055259989428
96.2065454260636,51.44594161649798
96.18899328862842,51.45696726422992
96.19897192320288,51.425100072734786
82.64923875342647,0.3251209533169979
50.334379444200614,117.54258797008025
95.00524957310908,28.50534229152315
96.08267190390376,28.23128012558188
95.6022645193321,28.403184900510162
97.71368257025485,51.53106638180554
83.2479686696254,-0.12215538729980648
97.77498894394832,51.535268183590524
97.67718119171494,51.556484159434056
97.71373075051825,51.506190803937656
97.61470206564395,51.483327533689526
96.44654267316668,28.167583671642515
95.10960208657323,28.474578318895457
50.43236138180119,117.7742794329434
50.45673668582844,117.82342583581165
-3.134014644420862,121.58192721409208
16.479384627321522,-31.95434151826351
-13.666053588645447,-24.41672561187969
96.74548719957058,29.46645837659751
69.82082311452139,107.1283940104598
49.58106909947542,119.10830126477872
89.59285791138468,82.93160970427022
49.60220977328654,119.10860367293101
49.6341286323941,119.2648975599014
49.56881957051644,119.10297974955297
49.57618235120922,119.02985734199325
49.376049975292446,118.69695788545889
49.31387437378301,118.51394209110121
49.16493852760934,117.98906925400901
48.964059945030854,117.59155033800297
48.77612512871465,117.11508370307945
68.29944079203875,105.23642828022268
68.09336855916233,105.06338790294144
68.07018212872039,104.9945722411006
85.98830123908586,8.868000952067694
16.614241079417724,-29.79780839830607
-55.523591705915415,36.66182468498866
-44.491005291060915,87.88163690078305
27.847982178370973,122.93482667222437
75.81461639251808,100.13880565636539
89.37078842373018,81.36060619921096
89.32486355149663,81.26049974684592
50.784047195758745,118.57428219541615
50.67855611607456,118.22088649228657
27.927419707938448,123.44331626717323
89.59215135676924,81.47133973255141
75.67627160943934,100.01400699089557
88.26097196291559,80.75354289226925
87.89774958042827,80.55463890120761
82.49176168367046,0.44639968907285554
88.24434866128871,80.73237062838888
88.41851952583981,80.85587594951662
88.4853547517445,80.91683167337486
75.38771604291695,99.74925898243282
50.42323600325276,117.78633080919042
89.16741936107412,81.21740816921957
89.77079427351283,81.5205779533118
89.8488514430298,81.56922276215738
96.67636974757147,28.162167569887995
90.54127796736583,81.88615219202704
98.8757660032422,51.584131176832045
90.65484193148316,81.97767677670087
76.78828596212541,101.17916444964044
98.6658738023742,51.59225437514878
98.59211147023241,51.59519319404662
97.69048602947763,51.57349889112504
90.5674292996585,81.93841789286725
99.01883048147612,51.579089358073986
90.06320739294193,81.62654406397972
98.90846651811948,51.59457679936194
96.16353094136318,28.226018872752064
66.78241328827102,-16.678925465401427
-33.995018679425044,-10.493553725641299
-51.74090638023692,15.099404264697185
-1.646189390398657,121.31394169022232
90.23200225897253,80.30030074921973
89.92674051569902,80.09755222011127
37.160341375161316,-29.81787042252791
-51.877720216148774,16.353264786305385
-51.41802216698061,16.653737989298957
-51.121226672116805,16.74687169717357
93.05447747003481,71.67879688108447
80.80980325662716,-1.5817528383805524
-16.707346070102325,-21.814446833076374
-52.528323424427704,70.54398462316419
8.833557117033086,121.57324848087765
60.28595135934929,111.54570681910138
73.69264413570991,-7.081628168460962
91.59807745753476,69.74648653552173
55.445052124857106,-20.264237071074398
3.8941849946693274,-28.749318691158198
55.12361961011556,-19.85400991794737
54.92061920990019,-19.58956092476646
4.3978801708908595,-26.401578003290002
26.449818337012093,-26.885344123843893
26.375728481084348,-25.984463630315634
26.337285931886026,-25.408337960003823
26.41179036966242,-25.097169596899125
4.884994762479838,-24.231556951337126
26.355724256840734,-25.16509543933353
26.23098816432859,-24.144270187398067
26.256786576026226,-24.0892511840912
26.24900262778614,-24.19229196548885
5.330096639133067,-22.24865595972669
26.14054419252158,-23.097045158172957
5.376198187372985,-21.778314290727558
5.494352191371029,-21.34665412539332
26.07405459430327,-22.891702943376117
26.16803071027702,-23.225104766010386
26.21858379952977,-24.124706535902465
53.69197080113385,-17.063373589550725
53.947101615731725,-17.446371083781603
26.390925249805573,-25.230776983275774
26.356532099101845,-25.782500129586996
26.50097714469952,-27.095471996371707
26.522283661745256,-26.92006806246341
26.477261981742704,-26.522546656397274
26.395575185957,-26.263842903301555
53.77699696935386,-17.317674427387345
26.318974631607045,-25.487524656689395
54.33202852836439,-18.430059233631077
72.12122154859374,-5.455517252004748
-22.03664963341357,-13.79340609307917
26.47861797838727,-26.968053707731347
26.421071092726542,-27.032013446858723
54.929501441278525,-19.386309425051245
26.618093847976446,-27.54613768531877
4.576471409694118,-25.971302451578925
26.51584460473532,-27.32640501999976
54.88025871400531,-19.44361778192926
54.85817531471786,-19.381030804639344
4.561975547383366,-25.409733933607082
4.580657404282456,-25.631899119445233
4.657866270382767,-25.256218745672275
4.60839030897517,-25.400177878431645
26.485028079921555,-26.82797712271135
26.593509114723762,-27.687990955885564
26.569453686979834,-27.792102744696507
26.573787804965363,-27.746033778100504
4.3375597245267805,-26.557194526562682
4.442069841909748,-26.208849487567704
26.627572784312267,-27.663314893993277
26.581501052770278,-28.13912041327534
26.608113715187077,-27.992172535512683
54.80347063027449,-19.29980747739792
72.74896077991282,-6.240529883055438
26.553002189059214,-28.11692712941187
4.208642494198717,-27.379811519437553
3.9264056945681283,-28.719396772619355
3.935520694836412,-28.50476938144568
26.797956671021662,-30.009785236048813
55.33591725350448,-20.270955418081318
55.561289619660684,-20.614232625483634
26.81557946948158,-30.28001122329224
56.51090373778854,-22.354429915770645
3.83229619732995,-29.04947003679975
3.7809754084899483,-29.3871562418083
74.28634577283252,-7.738917613688361
96.67501022611386,39.93017411146426
90.51216003884879,17.940722306942213
90.47890236741765,17.957615244321364
95.45925201022109,40.042029525722256
94.58077927563673,40.068725318775186
88.92472708036841,18.51333359081882
-34.269051096788665,4.140753915542033
-18.612625513509002,-8.736082034054332
51.01145772741312,-12.03180438798513
5.951721307315217,-19.291066621034606
5.746025939202196,-20.025071961811207
26.03097495162296,-21.82568841447805
26.134070823289697,-22.18264223424977
5.509424741432813,-21.148922435249485
26.094453138475256,-22.575840042223323
5.49513459470861,-21.33865331983454
5.529092520041582,-21.42226721151885
26.139525659816545,-22.907046259178788
52.84147044695651,-15.438059916703384
84.79870374026095,20.18941305528118
53.152098899902754,-16.061043861254397
70.80896465960295,-4.309184263390566
26.365866704457734,-25.947173942631334
54.29030519169996,-18.276061767534305
54.42522785711822,-18.552687675524012
4.49001339762167,-25.786196754761463
-22.647781369511677,-14.54130679025612
4.361369434824543,-26.427146833256263
26.622531804788142,-28.026341112250797
-22.574194207721256,-14.427631589493686
-53.86005708429831,49.31781755624216
-46.67664295927127,77.70801687151638
-46.525718397153376,77.59377490495027
-52.86079088648205,49.17164488270585
-21.803668783821596,-13.347470789190066
26.339609754288638,-26.05374863643997
4.8568255161528695,-24.37521281210726
26.36203876577837,-25.16736253349198
26.315675512826235,-24.960309417374738
26.348546605706165,-24.646580164089578
26.284963617876127,-24.59877036946283
26.309311653861876,-24.634858944078925
26.274898526450663,-24.749432342873178
4.981141871824499,-23.636994555092908
53.79356057736889,-17.313199614455765
26.391037614832122,-26.036615581039495
54.58948938939011,-18.7907129742097
26.524507774838888,-27.33110746439601
4.370413776864877,-26.572167046767582
4.349286462419872,-26.840205662741866
26.62265559719376,-28.43552674687801
95.6761213412551,40.036877932050174
55.59277036201968,-20.724464808475062
-56.72067349933444,49.34729037429463
26.790234381919046,-30.06793308980385
3.9474550199638645,-28.534373552857637
26.764159551504644,-30.038206901089517
26.84916243724975,-30.231313869476935
90.9787066344701,17.72294863477221
26.884709268028114,-31.238595022946736
26.87698860656191,-31.423170638144335
26.860736443836686,-31.37346829811338
56.74844230462951,-22.84880426290818
76.04282321621746,-9.444356502946347
98.85178984588752,39.73567171380508
26.9543736301229,-32.18183719411891
95.433861929183,71.00386867369664
32.06009827228888,124.30767877966137
-58.86457693242545,48.15257600672276
-17.315924331595276,-23.040255512222075
57.86855706674388,-22.226260719753345
77.46938418422815,98.08061748843535
-21.571508509149137,111.9836353768055
-52.43647966437235,16.265883269056893
-39.271434742426095,-3.013718078013984
36.994742500315404,-29.026672180207676
98.33627743986374,50.23518546847226
52.325711921574054,118.64737161888583
-45.86400894312432,90.38314624651183
-35.19737915668143,-11.716132967479359
84.27340961185115,-0.7947157897766179
76.9329754354867,101.19833369653462
-3.069161888450435,121.45344515139838
-50.33716503163807,14.230183416470608
-13.312032286930485,-23.895544500648498
67.16310397467325,-15.038899025564673
87.78854730832849,81.93876735812869
-30.086058587172076,104.04276911624714
-29.945843422124735,103.90592888929407
-44.49269889604961,7.258560601309099
-3.852075202172295,-24.008600988338976
65.6445091447999,-11.015087055361517
83.4770314784712,11.765346085456995
90.01636248002386,32.18583486429901
89.06165030545152,32.36336930754095
87.98336078627489,32.587502984752845
79.58920445509105,79.01796038726192
61.03754895922998,98.01588156890648
43.26734385597046,106.26325061329763
75.80905645238151,76.86592534002973
81.4017628045956,58.77764562709285
57.94136701181475,94.07989779711252
18.308375929120068,103.9969605736438
18.37238565648765,101.71097174117497
3.546089731685325,94.34123537161126
6.255685548761517,86.56315514682164
9.058278465367302,11.63605090210713
-7.469785452216418,58.575053383983494
8.343362597814895,69.48852039959328
18.56789836156222,69.11684546630798
39.56341667372019,61.967582798207545
23.68361798452798,20.70115087467744
44.00627968226409,41.66640935396819
41.188214017568775,34.429937041648664
41.129149029080054,34.318484461840555
27.298327486828462,16.386179930396
50.584013322134865,39.025445275860854
50.05459683371162,62.143164693137344
-5.255137829629556,17.8696334085818
-14.101102692964513,25.63492162061111
35.55079266751012,6.677766846384548
35.48043944182982,6.694491864691201
6.601690112699518,6.656714311763799
62.97436860289612,37.55388702952398
62.83182310745287,37.67405368119254
62.96189989728341,55.0621528751354
63.475978981128016,37.61658220188289
58.78091263359724,25.207654109781537
59.19664527341988,24.97721703194429
64.5520806538815,37.22549955417639
60.46517187143645,68.41583156041968
60.90252733995585,68.65649749696638
66.22911611039011,55.69667299751951
67.06114068408763,55.817422897467594
62.57848378361758,69.53022901929181
-13.740316703521065,83.89701809646122
-13.778973311417243,83.90656497204056
64.74035781846662,70.73928965234141
64.73460728642515,70.74143417490139
51.87184139871337,86.52249778738525
66.5396185561088,71.76253502174545
66.5510249636599,71.7976400282589
53.46241475924835,88.61103218868499
18.26703568543411,101.90363449166844
1.942124089541297,98.91992089256553
76.19510089293223,34.97765464418868
70.62554629747083,74.02475663078226
70.58672305068717,73.99769383754987
41.78290558496843,102.11502335801401
41.685331505536816,102.25960218353916
18.084204944048082,105.38358171754648
41.241840058242396,101.20631331649489
57.42443753785678,93.65314094983508
72.43895433011936,75.03974813025727
57.22817680665019,93.31715507051285
57.251851831531894,93.41677750128869
41.73596929381216,-9.279309198145002
18.434921644128067,-13.471036461870703
72.29152228235417,74.90590671422883
72.25650725913097,74.92907325666748
73.39788187279149,75.54110841457968
73.53945616029682,75.55772971940112
73.37777502721482,75.57409230169493
79.95425883444425,58.53463042718886
73.959966890967,75.84630479633559
42.40507420474515,104.22358966439414
77.65355724408285,34.70556173575886
72.4068057750294,75.02534196882574
82.11680607442295,33.804614333436994
76.05922137986232,15.874390748120462
59.001210058199,95.48401871961133
58.26438433452512,94.67733026492401
58.256760812055255,94.6857964751234
73.54701175749167,75.66090000445867
81.62853474823949,58.895725579863026
76.4377369811512,77.15997182277063
76.40733557853027,77.2310013277734
59.16473300476362,95.74790955013339
83.80602482816131,59.266697519755816
59.73207809454177,96.47258896179227
75.4300354998765,76.69391213990505
75.87329666419183,76.92088938123565
75.86588750493456,76.94105123632974
81.85140212392334,58.87493350480621
81.809248804731,58.92093717984447
74.8935841215956,76.40429538945583
74.91311472589965,76.3897542563329
81.27683054873532,33.99261130594815
81.31520463362833,33.9993069721305
74.37527985049411,16.728065535641747
59.04079042649023,-2.7094339753686407
18.27022211459185,-16.77877378804539
-22.304529040439732,-1.3204686349178052
59.6218203881888,-3.436219267704401
18.320633404956904,-15.603713950043609
57.95959109236548,94.16269178395343
57.430285443318425,93.54618094867408
41.75665076146463,102.28314199205303
41.271890041643054,101.08472546141284
1.207063306982398,101.0384714474104
18.295810368028803,103.70888693904814
-29.111560229382885,75.71643074094646
55.19720852750084,90.65577884612779
53.77716481641022,3.909703841659152
-25.725622344673287,18.663967551743422
66.51183082419426,70.73229860898694
65.74967323087468,70.35960734478483
37.736667937143984,-1.4634049591962432
-13.882491354613732,9.432412390508413
-25.45584102995701,25.542997593980385
55.66409082950614,80.6012962704026
69.77382999799525,49.62843927976648
55.622524816305884,80.47665425230836
39.20643560984568,91.21646583770799
5.943574575787485,92.20141970453979
5.770451397546855,92.78084451570113
5.2717047188650445,94.41835481552248
5.283372204225638,94.55869615495412
5.440812924404342,93.92848236362533
5.222218294128781,94.72601781008481
25.207296367620174,96.96928802368934
-8.707892172211912,88.52454688402142
39.642375009451655,92.4140609729759
39.40514091196021,91.70760296726824
25.217985309950116,96.97374079682315
25.25122423355272,97.03274677908503
25.253202896968823,96.63989490453122
25.233494249239858,96.6976723587832
25.155474936803756,96.11818038475009
25.168835492250043,96.44319041903321
39.670418214915465,92.25865360061378
39.69710035378202,92.42582951504038
55.88172664453981,80.7978391887879
25.253357114444302,96.66316157867857
-8.630776470431572,88.45834784177187
25.285952026074842,97.03932730653752
55.74217795627275,80.6645539264439
39.61133420533952,92.26538048850652
39.678818776792575,92.46804735756383
5.100095221847218,95.05956374304222
25.10353608868143,95.59992335623727
-7.75374065980521,87.07954272678755
-29.65578443204289,60.20742525197078
[-18.90224755  48.1659402  -39.88173635  11.20378067],[-23.72462755  58.2135052  -39.88173635  11.20378067]
[-10.2993817   38.53275216 -31.90538908   8.96302453],[-18.97970204  56.61838216 -31.90538908   8.96302453]
[ -3.41705236  30.82620173 -25.52431127   7.17041963],[-15.18376163  55.3422944  -25.52431127   7.17041963]
[  2.08884478  24.66096138 -20.41944901   5.7363357 ],[-12.1470093   54.32143218 -20.41944901   5.7363357 ]
[  6.49359682  19.72876911 -16.33555921   4.58906856],[ -9.71760744  53.50475208 -16.33555921   4.58906856]
[ 10.01743079  15.78301529 -13.06844737   3.67125485],[ -7.77408595  52.851418   -13.06844737   3.67125485]
[ 12.83652797  12.62641223 -10.45475789   2.93700388],[ -6.21926876  52.32876106 -10.45475789   2.93700388]
[15.09183771 10.10112978 -8.36380632  2.3496031 ],[-4.97541501 51.91064452 -8.36380632  2.3496031 ]
[16.8961215   8.08090383 -6.69104505  1.87968248],[-3.98033201 51.57615828 -6.69104505  1.87968248]
